{
	"tempHash": "006438B93FF7AB46",
	"tbluHash": "00E0F2FFE5AB5F1C",
	"rootEntity": "da2e9bb8970bce94",
	"entities": {
		"820fcf4abfb10cec": {
			"parent": "da2e9bb8970bce94",
			"name": "Head_Caucasian_50s_01",
			"factory": "009F9F9FD06CFAFD",
			"blueprint": "000CDC404E9011CD"
		},
		"da2e9bb8970bce94": {
			"parent": null,
			"name": "OUTFIT_Vulture_Guard_Floorman_M_Nude_v0",
			"factory": "00C0753FBF784C66",
			"blueprint": "007294473357329E",
			"properties": {
				"m_LocalColliders": {
					"type": "TArray<SEntityTemplateReference>",
					"value": []
				},
				"m_mTransform": {
					"type": "SMatrix43",
					"value": {
						"rotation": { "x": -0.0, "y": 0.0, "z": -0.0 },
						"position": {
							"x": 5.6685991287231445,
							"y": 0.9188179969787598,
							"z": 0.0
						}
					}
				},
				"m_vBodypartBoundingMarginMax": {
					"type": "SVector3",
					"value": { "x": 0.0, "y": 0.0, "z": 0.0 }
				},
				"m_fFrustumFarDistanceProperty": {
					"type": "float32",
					"value": 10.0
				},
				"m_aBodyParts": {
					"type": "TArray<SEntityTemplateReference>",
					"value": [
						"a6747cc98af71e6b",
						"573579e2e7caf3e1",
						"820fcf4abfb10cec"
					],
					"postInit": true
				}
			}
		},
		"573579e2e7caf3e1": {
			"parent": "da2e9bb8970bce94",
			"name": "Underwear_Boxers",
			"factory": "008736C2691685B1",
			"blueprint": "00692FFA2F8F0EB5",
			"properties": {
				"Diffuse_Color_01_Value": {
					"type": "SColorRGB",
					"value": "#646472"
				}
			}
		},
		"a6747cc98af71e6b": {
			"parent": "da2e9bb8970bce94",
			"name": "Body_Full",
			"factory": "008C9419C0263DF3",
			"blueprint": "009E702203139DF5"
		}
	},
	"propertyOverrides": [],
	"overrideDeletes": [],
	"pinConnectionOverrides": [],
	"pinConnectionOverrideDeletes": [],
	"externalScenes": [],
	"subType": "template",
	"quickEntityVersion": 3.1,
	"extraFactoryDependencies": [
		{ "resource": "009683E9932B03A8", "flag": "5F" },
		{ "resource": "00C8EC7C62C69CFF", "flag": "5F" },
		{ "resource": "00F7F23614B9A7F9", "flag": "5F" },
		{ "resource": "0062B4DDD037B588", "flag": "5F" },
		{ "resource": "00C8529E0CCA9EC1", "flag": "5F" },
		{ "resource": "00D927084DA11024", "flag": "5F" },
		{ "resource": "00A545F0FE26C2B3", "flag": "5F" },
		{ "resource": "0052CB0E3AD803A2", "flag": "5F" },
		{ "resource": "004AC458E41B8D2B", "flag": "5F" },
		{ "resource": "006AA6CF21D2E630", "flag": "5F" },
		{ "resource": "00EACF0F3EBCB059", "flag": "5F" },
		{ "resource": "00FA3AB506F70BAF", "flag": "5F" },
		{ "resource": "008B9B82794B4DF3", "flag": "5F" },
		{ "resource": "003F6FE3FE730188", "flag": "5F" },
		{ "resource": "00C5DEA56B29F493", "flag": "5F" },
		{ "resource": "006C5FF3FEC1F6DE", "flag": "5F" }
	],
	"extraBlueprintDependencies": [],
	"comments": []
}
