{
	"tempHash": "00E081319C2F30B3",
	"tbluHash": "00CD78DE6F46DBD4",
	"rootEntity": "cafe54fed4328e40",
	"entities": {
		"941cbee5816056f9": {
			"parent": "cafe54fed4328e40",
			"name": "Mesh_Shoes01",
			"factory": "[modules:/zbodypartentity.class].pc_entitytype",
			"blueprint": "[modules:/zbodypartentity.class].pc_entityblueprint",
			"properties": {
				"m_pMeshResource": {
					"type": "ZRuntimeResourceID",
					"value": {
						"resource": "00C536224D4F37E1",
						"flag": "5F"
					}
				},
				"m_IsHiddenInVR": { "type": "bool", "value": true }
			},
			"platformSpecificProperties": {
				"VR_PS4": {
					"m_IsHiddenInVR": { "type": "bool", "value": false }
				}
			},
			"inputCopying": {
				"ConstantVector1D_04_Value": {
					"ConstantVector1D_04_Value": ["cafe0f06713c40d5"]
				}
			}
		},
		"cafe54fed4328e40": {
			"parent": null,
			"name": "OUTFIT_Vulture_Guard_Floorman_M_Actor_v1",
			"factory": "00028BAEA86DD2FD",
			"blueprint": "002045A6D2A25237",
			"properties": {
				"m_mTransform": {
					"type": "SMatrix43",
					"value": {
						"rotation": { "x": -0.0, "y": 0.0, "z": 16.935 },
						"position": {
							"x": 6.3808,
							"y": 1.414,
							"z": 0.01365
						}
					}
				},
				"m_pBonesAndCollisionResource": {
					"type": "ZRuntimeResourceID",
					"value": {
						"resource": "00E6D746D26D3871",
						"flag": "5F"
					}
				},
				"m_eRoomBehaviour": {
					"type": "ZSpatialEntity.ERoomBehaviour",
					"value": "ROOM_DYNAMIC"
				},
				"m_aBodyParts": {
					"type": "TArray<SEntityTemplateReference>",
					"value": [
						"cafebdaf2781f9f9",
						"54064c05a890f904",
						"3401c1252a08e534",
						"d0812200a9a8c1b2",
						"941cbee5816056f9",
						"cafee55b9101f94e",
						"12c373f6522f6551",
						"b8e729749bc78b1c",
						"cafe4ab58e30b54c",
						"cafe3c615d538546",
						"cafeb4365c1d5800"
					],
					"postInit": true
				}
			}
		},
		"3401c1252a08e534": {
			"parent": "cafe54fed4328e40",
			"name": "Head_Caucasian_50s_02",
			"factory": "000D7D06AB3F65F5",
			"blueprint": "00B91E3B6991EC71",
			"properties": {
				"Texture2D_01": {
					"type": "ZRuntimeResourceID",
					"value": {
						"resource": "[assembly:/_pro/characters/assets/individuals/italy/elusive_target_mimosa/textures/male_reg_mimosa_01_head_01.texture?/diffuse_c.tex](ascolormap).pc_tex",
						"flag": "5F"
					}
				}
			}
		},
		"54064c05a890f904": {
			"parent": "cafe54fed4328e40",
			"name": "Shirt_Dress_Btnup_Tkd_Cut_Jacket",
			"factory": "0011644483049F85",
			"blueprint": "000083C995DF8DF6",
			"properties": {
				"Diffuse_Color_01_Value": {
					"type": "SColorRGB",
					"value": "#8f769c"
				},
				"Diffuse_Color_02_Value": {
					"type": "SColorRGB",
					"value": "#8f769c"
				},
				"Diffuse_Color_01_Value_1": {
					"type": "SColorRGB",
					"value": "#8f769c"
				}
			}
		},
		"12c373f6522f6551": {
			"parent": "cafe54fed4328e40",
			"name": "Jacket_Suit_Open",
			"factory": "00D195ECE100716C",
			"blueprint": "007686A5F3DAB3ED",
			"properties": {
				"Diffuse_Color_01_Value": {
					"type": "SColorRGB",
					"value": "#8f769c"
				},
				"Diffuse_Color_01_Value_1": {
					"type": "SColorRGB",
					"value": "#8f769c"
				}
			}
		},
		"b8e729749bc78b1c": {
			"parent": "cafe54fed4328e40",
			"name": "Tie_Simple",
			"factory": "008DAFF880E54167",
			"blueprint": "00A31B49E5A8A9FC",
			"properties": {
				"ConstantVector1D_05_Value": {
					"type": "float32",
					"value": 0.75
				},
				"ConstantColorRGB_02_Value": {
					"type": "SColorRGB",
					"value": "#ffffff"
				},
				"ConstantColorRGB_05_Value": {
					"type": "SColorRGB",
					"value": "#ffffff"
				},
				"Texture2D_01": {
					"type": "ZRuntimeResourceID",
					"value": {
						"resource": "[assembly:/_pro/characters/assets/guards/bodyguards_01/textures/bodyguard_accessories_01.texture?/diffuse_a.tex](ascolormap).pc_tex",
						"flag": "5F"
					}
				},
				"Texture2D_03": {
					"type": "ZRuntimeResourceID",
					"value": {
						"resource": "[assembly:/_pro/characters/assets/guards/bodyguards_01/textures/bodyguard_accessories_01.texture?/specular_a.tex](ascolormap).pc_tex",
						"flag": "5F"
					}
				},
				"Texture2DNormal_01": {
					"type": "ZRuntimeResourceID",
					"value": {
						"resource": "[assembly:/_pro/characters/assets/guards/bodyguards_01/textures/bodyguard_accessories_01.texture?/normal_a.tex](ascolormap).pc_tex",
						"flag": "5F"
					}
				}
			}
		},
		"d0812200a9a8c1b2": {
			"parent": "cafe54fed4328e40",
			"name": "Pants_Dress_Regular",
			"factory": "00324595397CC0A5",
			"blueprint": "00D58D62EFA4579E",
			"properties": {
				"Diffuse_Color_01_Value": {
					"type": "SColorRGB",
					"value": "#8f769c"
				}
			}
		},
		"cafe0f06713c40d5": {
			"parent": "941cbee5816056f9",
			"name": "male_reg_bangkok_hotelsecurity_shoes",
			"factory": "[assembly:/_pro/characters/assets/guards/bangkok/hotel_security/materials/male_reg_bangkok_hotelsecurity_shoes.mi].pc_entitytype",
			"blueprint": "[assembly:/_pro/characters/assets/guards/bangkok/hotel_security/materials/male_reg_bangkok_hotelsecurity_shoes.mi].pc_entityblueprint",
			"properties": {
				"m_mTransform": {
					"type": "SMatrix43",
					"value": {
						"rotation": { "x": -0.0, "y": 0.0, "z": -0.0 },
						"position": { "x": 0.0, "y": 0.0, "z": 0.0 }
					}
				},
				"ConstantVector1D_05_Value_op": {
					"type": "IRenderMaterialEntity.EModifierOperation",
					"value": "eReplace"
				},
				"ConstantVector1D_05_Value": {
					"type": "float32",
					"value": 0.65
				},
				"Diffuse_Color_01_Value": {
					"type": "SColorRGB",
					"value": "#281914"
				},
				"Diffuse_Color_01_Value_op": {
					"type": "IRenderMaterialEntity.EModifierOperation",
					"value": "eReplace"
				},
				"Texture2D_01_enab": { "type": "bool", "value": true },
				"Texture2D_01": {
					"type": "ZRuntimeResourceID",
					"value": {
						"resource": "005F47578C13C7EB",
						"flag": "5F"
					}
				},
				"Texture2DNormal_01_enab": {
					"type": "bool",
					"value": true
				},
				"Texture2DNormal_01": {
					"type": "ZRuntimeResourceID",
					"value": {
						"resource": "0012B1C58624FB9D",
						"flag": "5F"
					}
				},
				"Texture2D_03_enab": { "type": "bool", "value": true },
				"Texture2D_03": {
					"type": "ZRuntimeResourceID",
					"value": {
						"resource": "0066A12C24F2E2F9",
						"flag": "5F"
					}
				},
				"ConstantVector1D_04_Value_op": {
					"type": "IRenderMaterialEntity.EModifierOperation",
					"value": "eReplace"
				},
				"Clients": {
					"type": "TArray<SEntityTemplateReference>",
					"value": ["941cbee5816056f9"],
					"postInit": true
				},
				"m_eidParent": {
					"type": "SEntityTemplateReference",
					"value": "cafe54fed4328e40",
					"postInit": true
				}
			}
		},
		"cafe3e8e82df8aad": {
			"parent": "cafe27736dd8d4b6",
			"name": "glasses_aviator_fullframe",
			"factory": "001D9BF6159BF1C4",
			"blueprint": "001772001D516AC2",
			"properties": {
				"m_mTransform": {
					"type": "SMatrix43",
					"value": {
						"rotation": {
							"x": 8.45537302935669,
							"y": 89.61782235730844,
							"z": 163.12336731765222
						},
						"position": {
							"x": 0.08208800107240677,
							"y": 0.009417999535799026,
							"z": 0.0004279999993741512
						}
					}
				},
				"m_bVisible": { "type": "bool", "value": false },
				"m_rLinkedProxyEntity": {
					"type": "SEntityTemplateReference",
					"value": "cafe54fed4328e40",
					"postInit": true
				},
				"m_eidParent": {
					"type": "SEntityTemplateReference",
					"value": "cafe27736dd8d4b6",
					"postInit": true
				}
			}
		},
		"cafe27736dd8d4b6": {
			"parent": "cafe54fed4328e40",
			"name": "Attacher_Head",
			"factory": "[assembly:/templates/aspectdummy.aspect]([modules:/zcompositeentity.class].entitytype,[modules:/zboneattachaspect.class].entitytype).pc_entitytype",
			"blueprint": "[assembly:/templates/aspectdummy.aspect]([modules:/zcompositeentity.class].entitytype,[modules:/zboneattachaspect.class].entitytype).pc_entityblueprint",
			"properties": {
				"m_BoneName": { "type": "ZString", "value": "Head" },
				"m_linkedEntity": {
					"type": "SEntityTemplateReference",
					"value": "cafe54fed4328e40"
				},
				"m_mTransform": {
					"type": "SMatrix43",
					"value": {
						"rotation": { "x": -0.0, "y": 0.0, "z": -0.0 },
						"position": { "x": 0.0, "y": 0.0, "z": 0.0 }
					}
				},
				"m_eidParent": {
					"type": "SEntityTemplateReference",
					"value": "cafe54fed4328e40"
				}
			}
		},
		"cafe4ab58e30b54c": {
			"parent": "cafe54fed4328e40",
			"name": "Earpiece_Wire",
			"factory": "0004B0A681C83B68",
			"blueprint": "0025217EEB45B758",
			"properties": {
				"Diffuse_Color_01_Value": {
					"type": "SColorRGB",
					"value": "#000000"
				}
			}
		},
		"cafe7aae0746e307": {
			"parent": "cafe3725ce5fb713",
			"name": "WalkieTalkie",
			"factory": "002B96597756DF50",
			"blueprint": "005268860122C61E",
			"properties": {
				"m_mTransform": {
					"type": "SMatrix43",
					"value": {
						"rotation": {
							"x": 92.405,
							"y": 72.23,
							"z": 94.716
						},
						"position": { "x": 0, "y": 0.14, "z": 0.155 }
					}
				},
				"m_PrimitiveScale": {
					"type": "SVector3",
					"value": { "x": 1.0, "y": 1.0, "z": 1.0 }
				},
				"m_eidParent": {
					"type": "SEntityTemplateReference",
					"value": "cafe3725ce5fb713",
					"postInit": true
				}
			}
		},
		"cafe3725ce5fb713": {
			"parent": "cafe54fed4328e40",
			"name": "Chest_Attacher",
			"factory": "[assembly:/templates/aspectdummy.aspect]([modules:/zcompositeentity.class].entitytype,[modules:/zboneattachaspect.class].entitytype).pc_entitytype",
			"blueprint": "[assembly:/templates/aspectdummy.aspect]([modules:/zcompositeentity.class].entitytype,[modules:/zboneattachaspect.class].entitytype).pc_entityblueprint",
			"properties": {
				"m_BoneName": { "type": "ZString", "value": "Spine2" },
				"m_mTransform": {
					"type": "SMatrix43",
					"value": {
						"rotation": { "x": -0.0, "y": 0.0, "z": -0.0 },
						"position": { "x": 0.0, "y": 0.0, "z": 0.0 }
					}
				},
				"m_linkedEntity": {
					"type": "SEntityTemplateReference",
					"value": "cafe54fed4328e40",
					"postInit": true
				},
				"m_eidParent": {
					"type": "SEntityTemplateReference",
					"value": "cafe54fed4328e40",
					"postInit": true
				}
			}
		},
		"cafe3c615d538546": {
			"parent": "cafe54fed4328e40",
			"name": "Mesh_Hands",
			"factory": "[modules:/zbodypartentity.class].pc_entitytype",
			"blueprint": "[modules:/zbodypartentity.class].pc_entityblueprint",
			"properties": {
				"m_pMeshResource": {
					"type": "ZRuntimeResourceID",
					"value": {
						"resource": "00DB8820BADBDB39",
						"flag": "5F"
					}
				}
			}
		},
		"cafebdaf2781f9f9": {
			"parent": "cafe54fed4328e40",
			"name": "Hair_Top_M_SideSweptFringe",
			"factory": "00E643B2AD09B654",
			"blueprint": "00B022136AB827D8"
		},
		"cafee55b9101f94e": {
			"parent": "cafe54fed4328e40",
			"name": "Belt_StrapBuckle",
			"factory": "0017355DDB3D75A3",
			"blueprint": "005F1B0540C7F863",
			"properties": {
				"Diffuse_Color_01_Value": {
					"type": "SColorRGB",
					"value": "#402820"
				},
				"ConstantVector1D_01_Value": {
					"type": "float32",
					"value": 11.0
				}
			}
		},
		"cafeb4365c1d5800": {
			"parent": "cafe54fed4328e40",
			"name": "Moustache_Walrus",
			"factory": "006D21BB3201FBC9",
			"blueprint": "00126AC7C6969704",
			"properties": {
				"ConstantColorRGB_02_Value": {
					"type": "SColorRGB",
					"value": "#262625"
				},
				"ConstantColorRGB_05_Value": {
					"type": "SColorRGB",
					"value": "#ffe4db"
				}
			}
		}
	},
	"propertyOverrides": [],
	"overrideDeletes": [],
	"pinConnectionOverrides": [],
	"pinConnectionOverrideDeletes": [],
	"externalScenes": [],
	"subType": "template",
	"quickEntityVersion": 3.1,
	"extraFactoryDependencies": [],
	"extraBlueprintDependencies": [],
	"comments": []
}
