{
	"tempHash": "00FB73F4411FB9D1",
	"tbluHash": "000AE2726868B300",
	"rootEntity": "426b54fed4328ed4",
	"entities": {
		"941cbee5816056f9": {
			"parent": "426b54fed4328ed4",
			"name": "Mesh_Shoes01",
			"factory": "[modules:/zbodypartentity.class].pc_entitytype",
			"blueprint": "[modules:/zbodypartentity.class].pc_entityblueprint",
			"properties": {
				"m_pMeshResource": {
					"type": "ZRuntimeResourceID",
					"value": {
						"resource": "00C536224D4F37E1",
						"flag": "5F"
					}
				},
				"m_IsHiddenInVR": { "type": "bool", "value": true }
			},
			"platformSpecificProperties": {
				"VR_PS4": {
					"m_IsHiddenInVR": { "type": "bool", "value": false }
				}
			},
			"inputCopying": {
				"ConstantVector1D_04_Value": {
					"ConstantVector1D_04_Value": ["cafe0f06713c40d5"]
				}
			}
		},
		"426b54fed4328ed4": {
			"parent": null,
			"name": "OUTFIT_Vulture_Guard_Floorman_M_Actor_v0",
			"factory": "00028BAEA86DD2FD",
			"blueprint": "002045A6D2A25237",
			"properties": {
				"m_mTransform": {
					"type": "SMatrix43",
					"value": {
						"rotation": { "x": -0.0, "y": 0.0, "z": 16.935 },
						"position": {
							"x": 6.3808,
							"y": 1.414,
							"z": 0.01365
						}
					}
				},
				"m_pBonesAndCollisionResource": {
					"type": "ZRuntimeResourceID",
					"value": {
						"resource": "00E6D746D26D3871",
						"flag": "5F"
					}
				},
				"m_eRoomBehaviour": {
					"type": "ZSpatialEntity.ERoomBehaviour",
					"value": "ROOM_DYNAMIC"
				},
				"m_aBodyParts": {
					"type": "TArray<SEntityTemplateReference>",
					"value": [
						"54064c05a890f904",
						"3401c1252a08e534",
						"d0812200a9a8c1b2",
						"941cbee5816056f9",
						"12c373f6522f6551",
						"b8e729749bc78b1c",
						"cafe4ab58e30b54c",
						"cafe3c615d538546"
					],
					"postInit": true
				}
			}
		},
		"3401c1252a08e534": {
			"parent": "426b54fed4328ed4",
			"name": "Head_Caucasian_50s_01",
			"factory": "009F9F9FD06CFAFD",
			"blueprint": "000CDC404E9011CD"
		},
		"54064c05a890f904": {
			"parent": "426b54fed4328ed4",
			"name": "Shirt_Dress_Btnup_Tkd_Cut_Jacket",
			"factory": "0011644483049F85",
			"blueprint": "000083C995DF8DF6",
			"properties": {
				"Diffuse_Color_01_Value": {
					"type": "SColorRGB",
					"value": "#6b4f68"
				},
				"Diffuse_Color_02_Value": {
					"type": "SColorRGB",
					"value": "#6b4f68"
				},
				"Diffuse_Color_01_Value_1": {
					"type": "SColorRGB",
					"value": "#6b4f68"
				}
			}
		},
		"12c373f6522f6551": {
			"parent": "426b54fed4328ed4",
			"name": "Jacket_Suit_DoubleBreasted_Closed",
			"factory": "00075E0B3432652C",
			"blueprint": "00ACAA8C51650BEF",
			"properties": {
				"Diffuse_Color_01_Value": {
					"type": "SColorRGB",
					"value": "#7f6a84"
				}
			}
		},
		"b8e729749bc78b1c": {
			"parent": "426b54fed4328ed4",
			"name": "Tie_Simple_Jacket_Cut",
			"factory": "0042C3B12EADA30B",
			"blueprint": "00EAA4E670911EF7",
			"properties": {
				"ConstantColorRGB_02_Value": {
					"type": "SColorRGB",
					"value": "#ffffff"
				},
				"ConstantColorRGB_05_Value": {
					"type": "SColorRGB",
					"value": "#ffffff"
				},
				"Texture2D_01": {
					"type": "ZRuntimeResourceID",
					"value": {
						"resource": "[assembly:/_pro/characters/assets/guards/bodyguards_01/textures/bodyguard_accessories_01.texture?/diffuse_a.tex](ascolormap).pc_tex",
						"flag": "5F"
					}
				},
				"Texture2D_03": {
					"type": "ZRuntimeResourceID",
					"value": {
						"resource": "[assembly:/_pro/characters/assets/guards/bodyguards_01/textures/bodyguard_accessories_01.texture?/specular_a.tex](ascolormap).pc_tex",
						"flag": "5F"
					}
				}
			}
		},
		"d0812200a9a8c1b2": {
			"parent": "426b54fed4328ed4",
			"name": "Pants_Dress_Regular",
			"factory": "00324595397CC0A5",
			"blueprint": "00D58D62EFA4579E",
			"properties": {
				"Diffuse_Color_01_Value": {
					"type": "SColorRGB",
					"value": "#6b4f68"
				}
			}
		},
		"cafe0f06713c40d5": {
			"parent": "941cbee5816056f9",
			"name": "male_reg_bangkok_hotelsecurity_shoes",
			"factory": "[assembly:/_pro/characters/assets/guards/bangkok/hotel_security/materials/male_reg_bangkok_hotelsecurity_shoes.mi].pc_entitytype",
			"blueprint": "[assembly:/_pro/characters/assets/guards/bangkok/hotel_security/materials/male_reg_bangkok_hotelsecurity_shoes.mi].pc_entityblueprint",
			"properties": {
				"m_mTransform": {
					"type": "SMatrix43",
					"value": {
						"rotation": { "x": -0.0, "y": 0.0, "z": -0.0 },
						"position": { "x": 0.0, "y": 0.0, "z": 0.0 }
					}
				},
				"ConstantVector1D_05_Value_op": {
					"type": "IRenderMaterialEntity.EModifierOperation",
					"value": "eReplace"
				},
				"ConstantVector1D_05_Value": {
					"type": "float32",
					"value": 0.65
				},
				"Diffuse_Color_01_Value": {
					"type": "SColorRGB",
					"value": "#281914"
				},
				"Diffuse_Color_01_Value_op": {
					"type": "IRenderMaterialEntity.EModifierOperation",
					"value": "eReplace"
				},
				"Texture2D_01_enab": { "type": "bool", "value": true },
				"Texture2D_01": {
					"type": "ZRuntimeResourceID",
					"value": {
						"resource": "005F47578C13C7EB",
						"flag": "5F"
					}
				},
				"Texture2DNormal_01_enab": {
					"type": "bool",
					"value": true
				},
				"Texture2DNormal_01": {
					"type": "ZRuntimeResourceID",
					"value": {
						"resource": "0012B1C58624FB9D",
						"flag": "5F"
					}
				},
				"Texture2D_03_enab": { "type": "bool", "value": true },
				"Texture2D_03": {
					"type": "ZRuntimeResourceID",
					"value": {
						"resource": "0066A12C24F2E2F9",
						"flag": "5F"
					}
				},
				"ConstantVector1D_04_Value_op": {
					"type": "IRenderMaterialEntity.EModifierOperation",
					"value": "eReplace"
				},
				"Clients": {
					"type": "TArray<SEntityTemplateReference>",
					"value": ["941cbee5816056f9"],
					"postInit": true
				},
				"m_eidParent": {
					"type": "SEntityTemplateReference",
					"value": "426b54fed4328ed4",
					"postInit": true
				}
			}
		},
		"cafe3e8e82df8aad": {
			"parent": "cafe27736dd8d4b6",
			"name": "glasses_aviator_fullframe",
			"factory": "001D9BF6159BF1C4",
			"blueprint": "001772001D516AC2",
			"properties": {
				"m_mTransform": {
					"type": "SMatrix43",
					"value": {
						"rotation": {
							"x": 8.45537302935669,
							"y": 89.61782235730844,
							"z": 163.12336731765222
						},
						"position": {
							"x": 0.08208800107240677,
							"y": 0.009417999535799026,
							"z": 0.0004279999993741512
						}
					}
				},
				"m_rLinkedProxyEntity": {
					"type": "SEntityTemplateReference",
					"value": "426b54fed4328ed4",
					"postInit": true
				},
				"m_eidParent": {
					"type": "SEntityTemplateReference",
					"value": "cafe27736dd8d4b6",
					"postInit": true
				}
			}
		},
		"cafe27736dd8d4b6": {
			"parent": "426b54fed4328ed4",
			"name": "Attacher_Head",
			"factory": "[assembly:/templates/aspectdummy.aspect]([modules:/zcompositeentity.class].entitytype,[modules:/zboneattachaspect.class].entitytype).pc_entitytype",
			"blueprint": "[assembly:/templates/aspectdummy.aspect]([modules:/zcompositeentity.class].entitytype,[modules:/zboneattachaspect.class].entitytype).pc_entityblueprint",
			"properties": {
				"m_BoneName": { "type": "ZString", "value": "Head" },
				"m_linkedEntity": {
					"type": "SEntityTemplateReference",
					"value": "426b54fed4328ed4"
				},
				"m_mTransform": {
					"type": "SMatrix43",
					"value": {
						"rotation": { "x": -0.0, "y": 0.0, "z": -0.0 },
						"position": { "x": 0.0, "y": 0.0, "z": 0.0 }
					}
				},
				"m_eidParent": {
					"type": "SEntityTemplateReference",
					"value": "426b54fed4328ed4"
				}
			}
		},
		"cafe4ab58e30b54c": {
			"parent": "426b54fed4328ed4",
			"name": "Earpiece_Wire",
			"factory": "0004B0A681C83B68",
			"blueprint": "0025217EEB45B758",
			"properties": {
				"Diffuse_Color_01_Value": {
					"type": "SColorRGB",
					"value": "#000000"
				}
			}
		},
		"cafe7aae0746e307": {
			"parent": "cafe3725ce5fb713",
			"name": "WalkieTalkie",
			"factory": "002B96597756DF50",
			"blueprint": "005268860122C61E",
			"properties": {
				"m_mTransform": {
					"type": "SMatrix43",
					"value": {
						"rotation": {
							"x": 92.405,
							"y": 72.23,
							"z": 94.716
						},
						"position": { "x": 0, "y": 0.14, "z": 0.155 }
					}
				},
				"m_PrimitiveScale": {
					"type": "SVector3",
					"value": { "x": 1.0, "y": 1.0, "z": 1.0 }
				},
				"m_eidParent": {
					"type": "SEntityTemplateReference",
					"value": "cafe3725ce5fb713",
					"postInit": true
				}
			}
		},
		"cafe3725ce5fb713": {
			"parent": "426b54fed4328ed4",
			"name": "Chest_Attacher",
			"factory": "[assembly:/templates/aspectdummy.aspect]([modules:/zcompositeentity.class].entitytype,[modules:/zboneattachaspect.class].entitytype).pc_entitytype",
			"blueprint": "[assembly:/templates/aspectdummy.aspect]([modules:/zcompositeentity.class].entitytype,[modules:/zboneattachaspect.class].entitytype).pc_entityblueprint",
			"properties": {
				"m_BoneName": { "type": "ZString", "value": "Spine2" },
				"m_mTransform": {
					"type": "SMatrix43",
					"value": {
						"rotation": { "x": -0.0, "y": 0.0, "z": -0.0 },
						"position": { "x": 0.0, "y": 0.0, "z": 0.0 }
					}
				},
				"m_linkedEntity": {
					"type": "SEntityTemplateReference",
					"value": "426b54fed4328ed4",
					"postInit": true
				},
				"m_eidParent": {
					"type": "SEntityTemplateReference",
					"value": "426b54fed4328ed4",
					"postInit": true
				}
			}
		},
		"cafe3c615d538546": {
			"parent": "426b54fed4328ed4",
			"name": "Mesh_Hands",
			"factory": "[modules:/zbodypartentity.class].pc_entitytype",
			"blueprint": "[modules:/zbodypartentity.class].pc_entityblueprint",
			"properties": {
				"m_pMeshResource": {
					"type": "ZRuntimeResourceID",
					"value": {
						"resource": "00DB8820BADBDB39",
						"flag": "5F"
					}
				}
			}
		}
	},
	"propertyOverrides": [],
	"overrideDeletes": [],
	"pinConnectionOverrides": [],
	"pinConnectionOverrideDeletes": [],
	"externalScenes": [],
	"subType": "template",
	"quickEntityVersion": 3.1,
	"extraFactoryDependencies": [],
	"extraBlueprintDependencies": [],
	"comments": []
}
