{
	"tempHash": "0048529E701A3DDB",
	"tbluHash": "0052F8B4E4A5CD40",
	"patch": [
		{
			"SubEntityOperation": [
				"1a9f16cebd50b707",
				{
					"PatchArrayPropertyValue": [
						"m_aVariations",
						[
							{
								"AddItemAfter": [
									"e7880f0e237d8c48",
									"cafe017e52e499b6"
								]
							}
						]
					]
				}
			]
		},
		{
			"SubEntityOperation": [
				"b8788617369eb051",
				{
					"PatchArrayPropertyValue": [
						"m_aVariations",
						[
							{
								"AddItemAfter": [
									"242f6835495bbe26",
									"cafe4e8b4ca84437"
								]
							}
						]
					]
				}
			]
		},
		{
			"SubEntityOperation": [
				"617ce8f84d7c32a5",
				{
					"PatchArrayPropertyValue": [
						"m_aVariations",
						[
							{
								"AddItemAfter": [
									"2bd7cae25f45f577",
									"cafebf26788c9b2e"
								]
							}
						]
					]
				}
			]
		},
		{
			"SubEntityOperation": [
				"34a9049c1b10af08",
				{
					"PatchArrayPropertyValue": [
						"m_aVariations",
						[
							{
								"AddItemAfter": [
									"9cbaec4eb5e8e2c3",
									"cafe3596070713df"
								]
							}
						]
					]
				}
			]
		},
		{
			"SubEntityOperation": [
				"214e0b83007f0972",
				{ "SetName": "Var6" }
			]
		},
		{
			"SubEntityOperation": [
				"7e5aea096940f34a",
				{
					"PatchArrayPropertyValue": [
						"m_aVariations",
						[
							{
								"AddItemAfter": [
									"8a22b36cdd552acc",
									"cafec6238e5ffa44"
								]
							}
						]
					]
				}
			]
		},
		{
			"AddEntity": [
				"cafe3596070713df",
				{
					"parent": "34a9049c1b10af08",
					"name": "6",
					"factory": "[modules:/zoutfitvariation.class].pc_entitytype",
					"blueprint": "[modules:/zoutfitvariation.class].pc_entityblueprint",
					"properties": {
						"m_Outfit": {
							"type": "ZRuntimeResourceID",
							"value": {
								"resource": "[assembly:/_pro/characters/templates/hokkaido/char_hokkaido_workers.template?/outfit_chef_m_actor_v5.entitytemplate].pc_entitytemplate",
								"flag": "9F"
							}
						}
					}
				}
			]
		},
		{
			"AddEntity": [
				"cafebf26788c9b2e",
				{
					"parent": "617ce8f84d7c32a5",
					"name": "Var6",
					"factory": "[modules:/zoutfitvariation.class].pc_entitytype",
					"blueprint": "[modules:/zoutfitvariation.class].pc_entityblueprint",
					"properties": {
						"m_Outfit": {
							"type": "ZRuntimeResourceID",
							"value": {
								"resource": "[assembly:/_pro/characters/templates/hokkaido/char_hokkaido_workers.template?/outfit_chef_m_heroa_v5.entitytemplate].pc_entitytemplate",
								"flag": "9F"
							}
						}
					}
				}
			]
		},
		{
			"AddEntity": [
				"cafec6238e5ffa44",
				{
					"parent": "7e5aea096940f34a",
					"name": "Var6",
					"factory": "[modules:/zoutfitvariation.class].pc_entitytype",
					"blueprint": "[modules:/zoutfitvariation.class].pc_entityblueprint"
				}
			]
		},
		{
			"AddEntity": [
				"cafe4e8b4ca84437",
				{
					"parent": "b8788617369eb051",
					"name": "Var5",
					"factory": "[modules:/zoutfitvariation.class].pc_entitytype",
					"blueprint": "[modules:/zoutfitvariation.class].pc_entityblueprint",
					"properties": {
						"m_Outfit": {
							"type": "ZRuntimeResourceID",
							"value": {
								"resource": "[assembly:/_pro/characters/templates/hokkaido/char_hokkaido_workers.template?/outfit_chef_m_nude_v5.entitytemplate].pc_entitytemplate",
								"flag": "9F"
							}
						}
					}
				}
			]
		},
		{
			"AddEntity": [
				"cafe017e52e499b6",
				{
					"parent": "1a9f16cebd50b707",
					"name": "Var6",
					"factory": "[modules:/zoutfitvariation.class].pc_entitytype",
					"blueprint": "[modules:/zoutfitvariation.class].pc_entityblueprint"
				}
			]
		}
	],
	"patchVersion": 6
}
