{
	"tempHash": "00153A803D29E0F8",
	"tbluHash": "00CC485DB224D6D1",
	"patch": [
		{
			"SubEntityOperation": [
				"9cd1e21af9392d7a",
				{
					"PatchArrayPropertyValue": [
						"m_aVariations",
						[
							{
								"AddItemAfter": [
									"3ed2f02224f5eecb",
									"cafe6077710e6958"
								]
							},
							{
								"AddItemAfter": [
									"3ed2f02224f5eecb",
									"cafe668f2a6da2bc"
								]
							}
						]
					]
				}
			]
		},
		{
			"SubEntityOperation": [
				"f0c8c541084e7259",
				{
					"PatchArrayPropertyValue": [
						"m_aVariations",
						[
							{
								"AddItemAfter": [
									"109d5863cd6c05cc",
									"cafebb28a24f6060"
								]
							},
							{
								"AddItemAfter": [
									"109d5863cd6c05cc",
									"cafe8e92fe3beadc"
								]
							}
						]
					]
				}
			]
		},
		{
			"SubEntityOperation": ["ee4a8d5c7cd6c609", { "SetName": "16" }]
		},
		{
			"SubEntityOperation": [
				"ee4a8d5c7cd6c609",
				{
					"SetPropertyValue": {
						"property_name": "m_Outfit",
						"value": {
							"resource": "actor_blossom_guard1.pc_entitytemplate",
							"flag": "9F"
						}
					}
				}
			]
		},
		{
			"SubEntityOperation": [
				"71c0f57e0e903d0a",
				{
					"PatchArrayPropertyValue": [
						"m_aVariations",
						[
							{
								"AddItemAfter": [
									"ad2e36edf3c83c86",
									"cafeac99c3f71a3d"
								]
							},
							{
								"AddItemAfter": [
									"ad2e36edf3c83c86",
									"cafe24dade8637ae"
								]
							}
						]
					]
				}
			]
		},
		{
			"SubEntityOperation": [
				"e6285a99203d9aa6",
				{
					"PatchArrayPropertyValue": [
						"m_aVariations",
						[
							{
								"AddItemAfter": [
									"857ec2e1311544de",
									"cafe100e5214c92e"
								]
							},
							{
								"AddItemAfter": [
									"857ec2e1311544de",
									"cafe9d14a2814c22"
								]
							}
						]
					]
				}
			]
		},
		{
			"SubEntityOperation": [
				"e1d731d9c1cb27cc",
				{
					"PatchArrayPropertyValue": [
						"m_aVariations",
						[
							{
								"AddItemAfter": [
									"10dde5aed064a6c9",
									"cafe72273c0fe2ee"
								]
							},
							{
								"AddItemAfter": [
									"10dde5aed064a6c9",
									"cafe85bd4840dc15"
								]
							}
						]
					]
				}
			]
		},
		{
			"AddEntity": [
				"cafe668f2a6da2bc",
				{
					"parent": "9cd1e21af9392d7a",
					"name": "Var15",
					"factory": "[modules:/zoutfitvariation.class].pc_entitytype",
					"blueprint": "[modules:/zoutfitvariation.class].pc_entityblueprint",
					"properties": {
						"m_Outfit": {
							"type": "ZRuntimeResourceID",
							"value": {
								"resource": "heroa_blossom_guard.pc_entitytemplate",
								"flag": "9F"
							}
						}
					}
				}
			]
		},
		{
			"AddEntity": [
				"cafe8e92fe3beadc",
				{
					"parent": "f0c8c541084e7259",
					"name": "14",
					"factory": "[modules:/zoutfitvariation.class].pc_entitytype",
					"blueprint": "[modules:/zoutfitvariation.class].pc_entityblueprint",
					"properties": {
						"m_Outfit": {
							"type": "ZRuntimeResourceID",
							"value": {
								"resource": "[assembly:/_pro/characters/templates/hokkaido/char_hokkaido_guards.template?/outfit_resortsecurity_m_actor_v14.entitytemplate].pc_entitytemplate",
								"flag": "9F"
							}
						}
					}
				}
			]
		},
		{
			"AddEntity": [
				"cafe24dade8637ae",
				{
					"parent": "71c0f57e0e903d0a",
					"name": "Var15",
					"factory": "[modules:/zoutfitvariation.class].pc_entitytype",
					"blueprint": "[modules:/zoutfitvariation.class].pc_entityblueprint",
					"properties": {
						"m_Outfit": {
							"type": "ZRuntimeResourceID",
							"value": {
								"resource": "nude_blossom_guard.pc_entitytemplate",
								"flag": "9F"
							}
						}
					}
				}
			]
		},
		{
			"AddEntity": [
				"cafe9d14a2814c22",
				{
					"parent": "e6285a99203d9aa6",
					"name": "Var15",
					"factory": "[modules:/zoutfitvariation.class].pc_entitytype",
					"blueprint": "[modules:/zoutfitvariation.class].pc_entityblueprint",
					"properties": {
						"m_Outfit": {
							"type": "ZRuntimeResourceID",
							"value": {
								"resource": "heroa_blossom_guard.pc_entitytemplate",
								"flag": "9F"
							}
						}
					}
				}
			]
		},
		{
			"AddEntity": [
				"cafe85bd4840dc15",
				{
					"parent": "e1d731d9c1cb27cc",
					"name": "Var15",
					"factory": "[modules:/zoutfitvariation.class].pc_entitytype",
					"blueprint": "[modules:/zoutfitvariation.class].pc_entityblueprint",
					"properties": {
						"m_Outfit": {
							"type": "ZRuntimeResourceID",
							"value": {
								"resource": "heroa_blossom_guard.pc_entitytemplate",
								"flag": "9F"
							}
						}
					}
				}
			]
		},
		{
			"AddEntity": [
				"cafebb28a24f6060",
				{
					"parent": "f0c8c541084e7259",
					"name": "15",
					"factory": "[modules:/zoutfitvariation.class].pc_entitytype",
					"blueprint": "[modules:/zoutfitvariation.class].pc_entityblueprint",
					"properties": {
						"m_Outfit": {
							"type": "ZRuntimeResourceID",
							"value": {
								"resource": "actor_blossom_guard.pc_entitytemplate",
								"flag": "9F"
							}
						}
					}
				}
			]
		},
		{
			"AddEntity": [
				"cafe6077710e6958",
				{
					"parent": "9cd1e21af9392d7a",
					"name": "Var16",
					"factory": "[modules:/zoutfitvariation.class].pc_entitytype",
					"blueprint": "[modules:/zoutfitvariation.class].pc_entityblueprint",
					"properties": {
						"m_Outfit": {
							"type": "ZRuntimeResourceID",
							"value": {
								"resource": "heroa_blossom_guard1.pc_entitytemplate",
								"flag": "9F"
							}
						}
					}
				}
			]
		},
		{
			"AddEntity": [
				"cafe100e5214c92e",
				{
					"parent": "e6285a99203d9aa6",
					"name": "Var16",
					"factory": "[modules:/zoutfitvariation.class].pc_entitytype",
					"blueprint": "[modules:/zoutfitvariation.class].pc_entityblueprint",
					"properties": {
						"m_Outfit": {
							"type": "ZRuntimeResourceID",
							"value": {
								"resource": "heroa_blossom_guard1.pc_entitytemplate",
								"flag": "9F"
							}
						}
					}
				}
			]
		},
		{
			"AddEntity": [
				"cafe72273c0fe2ee",
				{
					"parent": "e1d731d9c1cb27cc",
					"name": "Var16",
					"factory": "[modules:/zoutfitvariation.class].pc_entitytype",
					"blueprint": "[modules:/zoutfitvariation.class].pc_entityblueprint",
					"properties": {
						"m_Outfit": {
							"type": "ZRuntimeResourceID",
							"value": {
								"resource": "heroa_blossom_guard1.pc_entitytemplate",
								"flag": "9F"
							}
						}
					}
				}
			]
		},
		{
			"AddEntity": [
				"cafeac99c3f71a3d",
				{
					"parent": "71c0f57e0e903d0a",
					"name": "Var16",
					"factory": "[modules:/zoutfitvariation.class].pc_entitytype",
					"blueprint": "[modules:/zoutfitvariation.class].pc_entityblueprint",
					"properties": {
						"m_Outfit": {
							"type": "ZRuntimeResourceID",
							"value": {
								"resource": "nude_blossom_guard1.pc_entitytemplate",
								"flag": "9F"
							}
						}
					}
				}
			]
		}
	],
	"patchVersion": 6
}
