{
	"tempHash": "004579B8AC90A75E",
	"tbluHash": "00FA3F576B9F0C80",
	"patch": [
		{
			"SubEntityOperation": [
				"f9d657c588edc0d3",
				{
					"PatchArrayPropertyValue": [
						"m_AvailableWeaponKeys",
						[
							{
								"AddItemAfter": [
									"21f274fbbd84ad9b",
									"cafedf37512d4ebe"
								]
							}
						]
					]
				}
			]
		},
		{
			"SubEntityOperation": [
				"f9d657c588edc0d3",
				{
					"AddProperty": [
						"m_AvailableGrenadeKeys",
						{
							"type": "TArray<SEntityTemplateReference>",
							"value": [
								"cafe281984e1a2e8",
								"cafe5a65cb1d7b35"
							]
						}
					]
				}
			]
		},
		{
			"AddEntity": [
				"cafedf37512d4ebe",
				{
					"parent": "f9d657c588edc0d3",
					"name": "Blossom Gun",
					"factory": "[modules:/zitemrepositorykeyentity.class].pc_entitytype",
					"blueprint": "[modules:/zitemrepositorykeyentity.class].pc_entityblueprint",
					"properties": {
						"m_RepositoryId": {
							"type": "ZGuid",
							"value": "4c9e7f92-c104-4587-8053-35e08f494110"
						}
					}
				}
			]
		},
		{
			"AddEntity": [
				"cafe281984e1a2e8",
				{
					"parent": "f9d657c588edc0d3",
					"name": "Flash",
					"factory": "[modules:/zitemrepositorykeyentity.class].pc_entitytype",
					"blueprint": "[modules:/zitemrepositorykeyentity.class].pc_entityblueprint",
					"properties": {
						"m_RepositoryId": {
							"type": "ZGuid",
							"value": "042fae7b-fe9e-4a83-ac7b-5c914a71b2ca"
						}
					}
				}
			]
		},
		{
			"AddEntity": [
				"cafe5a65cb1d7b35",
				{
					"parent": "f9d657c588edc0d3",
					"name": "Blossom Grenade",
					"factory": "[modules:/zitemrepositorykeyentity.class].pc_entitytype",
					"blueprint": "[modules:/zitemrepositorykeyentity.class].pc_entityblueprint",
					"properties": {
						"m_RepositoryId": {
							"type": "ZGuid",
							"value": "bc9bf630-8a8b-438c-9b63-3dd5e9245595"
						}
					}
				}
			]
		}
	],
	"patchVersion": 6
}
